20190101,22.18,20.82,21.66,22.7,23.13,23.18,23.85,24.27,38.86,25.67,29.79,29.25,27.97,24.35,23.6,21.73,21.33,22.26,21.56,20.75,20.79,20.04,19.68,22.66
20190102,19.03,18.64,19.58,19.69,19.64,19.56,20.4,20.16,20.61,22.12,22.94,24.1,24.9,26.94,26.82,27.93,29.25,35.51,26.9,34.45,38.99,24.43,24.05,28.57
20190103,22.39,21.26,21.51,21.45,21.63,21.9,23.43,25.44,113.71,124.31,87.72,71.35,143.47,77.54,47.21,35.66,49.5,29.43,29.86,102.14,73.46,24.41,24.01,23.92
20190104,22.99,22.89,22.95,22.41,22.6,22.53,23.57,24.21,25.12,24.6,25.02,24.71,23.45,23.07,22.87,22.64,22.68,23.19,22.89,24.09,23.52,22.9,21.83,21.24
20190105,20.26,23.3,20.72,21.48,22.02,21.5,22.1,23.88,29.35,26.13,33.04,25.36,25.02,24.05,23.86,23.4,23.22,23.96,24.32,23.92,22.83,22.52,22.73,21.6
20190106,19.44,20.19,20.25,19.77,19.75,20.13,21.18,22.23,22.98,23.04,23.42,24.12,22.89,21.86,21.37,20.58,20.84,22.31,23.58,22.83,22.88,22.58,21.18,21.82
20190107,20.88,19.7,20.31,20.18,20.03,19.67,19.04,21.67,20.89,20.84,20.03,20.02,19.78,19.79,19.22,19.33,21.2,25.58,23.82,22.49,21.9,21.01,19.07,17.49
20190108,17.45,18.01,19.93,21.2,21.8,22.95,27.46,25.36,25.39,24.81,28.51,23.68,23.93,24.41,25.33,24.65,24.89,29.4,27.86,27.59,25.39,22.81,22.1,20.98
20190109,19.93,18.98,18.85,17.68,17.71,19.89,22.68,23.69,23.14,22.42,23.08,21.72,21.08,21.94,20.89,21.15,21.59,22.73,24.02,23.17,22.99,22.49,20.77,20.46
20190110,19.07,19.02,19.04,18.93,19.3,20.08,23.13,24.47,25.95,24.11,24.29,23.98,23.94,24.66,24.62,24.38,26.95,30.93,39.64,34.97,32.15,29.24,25.16,24.58
20190111,25.29,23.73,24.15,24.33,23.99,23.83,29.59,56.05,33.46,27.42,27.88,27.26,26.26,26.23,25.43,24.98,26.22,38.32,31.71,31.16,27.5,27.5,24.84,23.2
20190112,31.85,33.01,23.65,24.14,25.45,29.89,28.32,57.19,39.04,34.49,40.31,29.13,30.14,27.29,27.99,28.31,28.38,36.72,35.06,41.69,28.87,28.92,127.13,24.28
20190113,25.36,25.17,24.68,24.79,24.25,25.08,24.44,25.28,26.67,27.5,26.97,26.26,25.98,33.08,24.93,24.72,24.89,26.46,27.31,26.23,26,25.22,24.37,23.17
20190114,21.99,22.36,22.83,22.65,23.12,22.77,22.63,23.65,25.34,26.1,41.57,26.33,25.95,25.8,25.35,25.62,26.84,26.26,28.35,36.53,39.68,26.25,24.48,23.61
20190115,24.13,24.68,24.34,24.86,82.02,26.01,34.07,186.28,37.57,49.76,44.21,32.27,29.88,28.93,27.92,27.05,34.34,29.1,53.22,36,34.53,30.84,28.66,25.68
20190116,24.58,23.6,23.47,23.43,23.64,24.25,28.18,33.13,33.63,37.15,28.74,29.66,27.86,27.39,26.76,25.33,25.74,28.82,31.5,27.26,26.58,25.08,23.61,23.61
20190117,23.88,24.82,25.24,25.05,28.68,26.44,33.21,26.24,29.35,29.1,37.24,31.52,30.6,28.05,27.26,27.53,30.55,44.05,46.85,41.05,44.55,37.77,29.79,27.63
20190118,36.69,26.47,26.75,26.67,27.86,71.24,40.69,46.39,37.29,37.36,39.62,36.12,36.15,36.48,33.24,32.19,34.49,38.32,38.43,37.8,36.96,34.01,28.46,26.72
20190119,41,27.04,26.31,26.69,27.57,28.14,27.76,38.15,33.01,36.91,51.99,36.76,31.81,28.85,29.28,28.35,28.12,45.62,36.67,26.97,29.72,33.36,27.27,24.65
20190120,22.47,22.58,22.95,22.25,22.05,22.76,23.33,22.82,23.54,24.83,25.07,27.31,27.86,31.76,28.09,27.28,25.98,32.53,33.68,27.96,23.23,35.56,25.02,24.53
20190121,22.56,21.83,24.11,23.5,23.6,22.13,22.46,23.72,23.49,26.71,24.97,25.8,25.53,24.65,24.19,23.85,24.59,26.47,63.31,28.49,27.95,27.28,26.5,24.73
20190122,28.04,30.46,33.29,28.36,28.68,32.02,34.21,46.59,42.03,54.35,240.31,37.02,65.35,27.44,30.33,27.64,112.54,148.03,62.54,32.24,29.58,30.91,25.47,27.58
20190123,30.79,26.1,27.21,21.02,2.64,17.49,27.32,69.82,56.25,31.57,49.06,30.44,28.75,27.46,31.99,29.01,29.06,61.43,43.05,32.29,30.45,36.58,37.29,25.11
20190124,70,142.2,22.61,102.56,167.78,93.51,75.03,43.32,88.04,49.33,26.57,26.24,25.57,25.45,25.1,24.83,24.44,24.18,26.26,25.35,24.77,25.64,24.6,22.92
20190125,22.18,21.34,22.64,22.83,21.47,21.53,23.31,20.97,22.85,23.35,22.57,22.68,22.7,22.78,22.8,49.06,48.68,26.59,25.23,26.25,24.06,24.3,24.09,26.65
20190126,25.84,26.08,27.78,24.74,24.75,25.41,26.37,36.22,33.33,30.66,33.91,34.49,27.93,26.73,24.86,24.4,25.13,34.68,64.63,35.09,31.27,32.57,31.74,34.73
20190127,29.42,30.14,29.01,28.16,28.32,30.83,27.34,28.37,32.49,34.25,26.79,27.67,25.02,24.04,23.22,22.94,23.24,24.78,28.36,26.39,25.93,26.72,25.6,24.14
20190128,23.7,23.43,23.53,22.87,22.85,23.24,25.46,25.87,42.99,28.05,30,24.44,23.02,21.7,21.06,20.89,21.51,24.3,29.21,27.38,30.96,27.57,25.93,23.64
20190129,26.04,27.37,23.77,26.78,25.61,41.72,28.69,24.42,23.63,22.89,23.59,22.62,22.45,22.64,22.42,22.6,23.04,23.39,29.27,43.76,28.98,27.25,78.47,24.19
20190130,21.54,20.07,20.42,19.76,20.26,21.39,23.82,25.45,25.9,24.02,23.97,23.43,23.14,23.07,22.66,23.05,23.61,24.52,28.99,30.5,30.22,29.77,28.37,28.72
20190131,26.79,27.27,28.49,27.35,26.15,25.81,33.44,94.64,521.91,548.35,169.87,26.68,20.55,36.47,50.45,33.75,38.33,42.44,100.77,76.11,36.88,67.48,37.93,58.68
20190201,40.1,58.94,52.31,24.8,26.69,28.92,75.04,243.76,44.89,54.37,44.86,78.36,41.47,27.06,36.76,39.48,67.02,96.86,62.6,44.76,59.21,57.14,48.24,29.18
20190202,37.76,39.73,60.45,34.21,38.62,23.91,24.6,27.04,27.56,59.8,99.94,24.11,51.97,24.54,41.77,22.61,22.48,23.64,42.42,44.42,23.63,38.14,35.41,25.05
20190203,30.64,21.78,26.25,17.01,28.75,11.88,20.93,15.03,28.19,28.11,23.97,21.89,21.75,21.53,20.55,21.09,21.3,22.41,25.54,24.01,22.4,21.74,20.59,19.8
20190204,19.61,21.12,20.04,20.55,19.52,18.35,19.22,20.76,21.53,23,21.47,21.34,21.89,21.75,21.41,20.97,21.26,22.16,24.89,22.67,21.56,20.74,20.39,19.48
20190205,17.49,16.25,17.19,17.7,18.98,20.32,22.17,23.56,22.51,22.36,21.88,21.42,21.05,20.95,20.65,20.18,20.94,22.25,23.92,23.11,23.14,21.81,21.25,20.78
20190206,18.94,18.67,19.1,19.71,20.75,21.69,24.62,26.23,52.73,26.97,43.64,27.61,24.55,25.36,23.95,23.57,24.77,25.38,28.08,31.97,26.23,25.15,23.67,23.29
20190207,21.26,21.3,21.46,20.77,20.88,21.96,24.18,25.19,24.81,25.55,24.3,25.49,26.28,26.67,26.62,25.36,25.61,26.78,29.25,48.52,28.71,26.54,25.01,23.32
20190208,22.03,21.71,22.06,21.59,21.44,23.31,25.1,25.16,24.89,25.92,25.87,26.25,26.45,74.02,24.43,23.4,24.24,25.32,28.8,25.18,24.88,24.25,23.6,22.34
20190209,21.28,20.98,21.33,21.72,21.85,22.24,23.81,24.52,24.69,24.51,24.47,26.86,26.45,24.62,23.29,22.75,23.61,24.04,29.87,46.22,34.52,26.25,27.22,25.48
20190210,25.06,23.9,24.14,23.57,23.81,24.04,24.3,26.06,26.59,26.15,27.46,28.7,26.25,24.6,23.33,24.5,25.26,27.4,27.68,25.86,26.25,24.83,23.96,24.47
20190211,23.52,23.99,24.22,23.19,23.36,22.96,23.33,23.21,23.9,25.05,24.14,24.54,24.82,25.41,27.2,26.27,24.73,24.8,26.49,25.86,26.43,25.84,24.15,23.5
20190212,23.42,23.14,23.01,23.07,23.95,23.81,26.47,28.4,32.28,28.77,27.11,25.34,24.85,26.2,25.57,25.08,25.33,25.88,26.94,25.91,25.87,25.44,23.38,23.13
20190213,21.02,19.98,20.46,20.44,21.52,31.26,25.12,23.99,36.68,26.42,40.85,31.74,28.48,144.79,113.47,34.95,93.81,192.47,34.38,33.25,34.24,33.59,24.46,21.38
20190214,21.15,19.59,19.84,20.17,20.97,23.18,26.21,56.02,27.87,26.73,24.64,23.2,23.01,22.51,22.38,21.91,24.12,27.77,26.94,26.14,26.67,28.35,23.15,24.04
20190215,23.09,23.57,25.25,24.93,27.07,41.45,64.12,62.68,24.99,24.62,31.76,24.14,22.8,23.27,22.19,21.76,21.07,24.15,24.08,23.71,22.48,21.1,19.88,20.03
20190216,17.81,16.42,17.16,17.66,18.29,18.97,21.97,21.58,22.5,22.38,22.81,23.31,28.98,23.26,22.6,22.5,22.62,23.22,26.27,23.82,22.72,24.46,24.07,24.61
20190217,24.47,22.49,27.22,25.17,24.62,27.43,34.33,23.18,24.18,32.32,37.92,29.57,23.97,23.53,22.93,22.69,22.86,23.42,25.02,23.89,23.06,23.41,23.01,22.6
20190218,21.72,22.17,21.3,22.35,22.75,22.26,22.31,21.88,22.55,22.74,22.95,22.6,23.12,23.14,23.28,23.67,24.32,24,30.09,25.23,26.6,25.15,22.94,21.37
20190219,21,21.35,21.32,21.4,22.12,23.19,27.02,29.54,25.47,26.4,37.34,31.35,28.27,26.37,25.13,24.35,24.58,25.63,101.05,48.93,31.2,31.12,27.48,25.09
20190220,23.97,23.87,24.54,24.44,25.79,25.23,28.12,93.47,33.38,36.79,25.61,34.13,25.69,25.12,25.08,25.2,25.34,25.97,25.34,25.27,24.52,24.45,23.15,23.72
20190221,27.44,24.77,26.78,26.51,26.81,25.85,29.9,24.82,25.68,28.79,86.97,26.8,25.15,25.05,28.98,24.51,25.37,27.56,38.59,30.2,30.01,23.77,21.54,21.12
20190222,20.16,19.8,19.52,19.56,20.67,21.42,25.41,24.83,23.86,23.56,23.57,23.13,22.51,22.48,22.73,22.86,23.27,24.88,31.62,25.53,39.57,29.77,29.86,24.57
20190223,24.14,23.01,23.24,23.47,23.92,25.07,27.66,31.51,25.82,26.02,27.42,27.81,27.62,28.53,26.43,24.83,24.39,25.25,25.79,36.82,24.69,24.14,23.86,22.64
20190224,21.5,21.56,21.8,21.54,22.01,22.47,23.22,23.69,27.82,30.15,31.64,34.88,25.63,24.55,21.64,21.55,21.86,23.86,23.34,23.43,21.77,21.25,21.21,20.09
20190225,18.61,19.15,20.5,19.1,18.42,18.16,19.52,20.43,21.7,21.08,21.38,21.67,21.73,21.57,20.76,20.84,21.05,22.02,31.3,27.8,26.61,25.19,24.78,23.87
20190226,23.47,23.25,25.94,31.69,26.72,25.14,32.65,83.51,56.74,57.17,35.26,29.54,33.08,32.04,27.68,25.76,24.9,25.84,36.74,56.79,41.87,41.81,31.03,26.53
20190227,29.12,26.64,26.48,26.37,27.14,24.8,29.56,46.23,33.45,28.89,36.52,45.22,25.53,25.64,24.24,24.52,24.54,27.98,31.49,49.8,49.96,33.67,28.1,29.87
20190228,24.93,25.67,24.91,24.02,35.41,23.08,26.67,26.91,27.92,31.69,30.18,28.24,27.65,25.78,25.22,25.05,28.3,29.03,41.58,47.36,45.83,29.73,27.95,25.49
20190301,23.58,23.4,24.58,26.81,30.99,26.27,28.94,53.48,33.84,31.26,36.78,36.29,31.43,44.87,28.27,26.66,28.96,35.05,30.94,34.83,36.15,34.7,31.67,76.25
20190302,23.55,24.01,25.24,23.91,25.87,23.33,27.3,26.91,28.47,29.3,28.49,37.34,50.71,29.84,29.1,25.14,25.69,26.35,27.56,26.76,25.99,24.01,23.07,22.23
20190303,24.46,160.88,169.25,77.02,50.23,30.06,27,23.64,33.69,33.37,30.34,27.6,27.27,27.4,24.97,25.25,25.15,25,42.49,29.24,25.24,24.43,23.49,23.54
20190304,21.49,21.64,21.31,21.12,21.35,21.57,21.49,22.62,23,23.95,25.95,25.63,25.62,27.27,29.07,34.03,32.75,32.01,35.5,28.96,31.23,29.48,25.3,22.82
20190305,23.18,23.82,24.11,24.33,26.14,27.86,33.97,50.59,40,32.23,32.72,33.39,33.43,29.3,26.42,24.86,25.81,27.84,31.31,53.48,42.74,39.36,33.79,27.83
20190306,28.42,33.3,39.88,34.48,33.62,34.19,52.78,56.98,37.23,31.96,33.86,31.79,29.28,27,26.63,25.08,27.26,28.59,40,40.44,38.51,39.41,38.57,33.32
20190307,42.23,36.87,36.79,34.87,33.56,44.69,39.92,66.03,36.16,34.89,32.87,31.71,28.8,27.56,26.99,26.51,27.22,100.67,101.8,70.61,32.81,30.37,27.06,24.43
20190308,26.71,56.1,22.58,23.87,24.62,25.7,29.37,40.28,64.27,30.67,31.38,28.67,27.68,26.87,24.85,25.21,25.48,26.48,46.05,35.73,30.5,27.02,24.82,23.27
20190309,23.09,29.04,24.27,24.36,26.09,24.22,47.27,41.75,52.65,40.94,36.49,28.82,27.05,25.29,24.79,24.78,25,25.44,25.05,26.42,24.95,27.28,24.55,23.51
20190310,28.99,24.05,24.42,23.36,23.88,24.13,24.53,30.71,47.04,52.89,37.72,25.88,27.99,28.13,26.4,25.67,25.16,26.92,27.4,25.86,24.79,24.29,23.13,21.82
20190311,21.32,20.92,20.01,19.89,20.02,20.37,20.8,20.94,21.35,22.6,23.22,26.02,25.37,24.26,23.9,30.51,33.38,27.2,35.88,29.05,29.04,25.3,23.69,22.44
20190312,21.62,21.43,21.53,22.1,23.37,26.13,28.47,29.88,27.8,31.46,41.41,24.59,24.13,23.9,22.64,23.21,22.57,23.41,24.42,26.45,24.64,22.42,21.89,22.02
20190313,23.05,22.59,24.85,26.63,27.78,125.04,48.85,25.59,26.91,24.01,23.04,23.31,24.62,23.21,24.42,22.76,25.43,27.06,75.13,43.96,33.83,39.88,23.72,40.02
20190314,31.13,41.28,54.33,55.39,29.81,30.72,26.21,24.34,24.54,24.25,26.07,32.02,37.43,23.62,28.83,31.74,42.58,25.41,50.74,23.46,21.83,20.94,20.43,22.65
20190315,17.71,19.52,18.91,21.6,30.22,34.99,21.24,21.4,21.78,22.26,22.42,22.57,22.91,22.01,22.84,23.16,21.57,23.9,22.29,22.08,21.71,21.32,18.44,18.5
20190316,13.51,13.06,14.6,15.23,16.83,22.41,23.95,21.91,22.62,23.98,23.75,22.85,22.77,22.2,22.17,21.57,22,22.36,22.33,42.41,30.59,37.97,23.42,22.5
20190317,21.52,21.98,22.09,23.75,23.26,26.53,30.11,47.96,28.95,27.29,31.14,23.39,23.41,22.69,22.04,21.35,21.53,21.63,22.74,33.85,24.74,24.41,23.54,23.95
20190318,22.87,24.08,22.94,23.51,22.57,24.98,27.5,29.65,44.9,26.43,24.12,23.85,23.06,21.95,21.92,22.16,22.53,23.41,24.58,43.95,26.85,23.89,22.42,22.41
20190319,23.14,23.58,22.44,23.97,24.67,28.86,71,40.5,31.06,42.47,28.71,25.74,24.63,24.3,23.14,22.94,23.62,24.94,28.09,36.84,27.29,24.05,23.07,22.1
20190320,23.53,22.66,22.89,27.87,26.08,40.97,41.9,25.39,23.92,25.59,24.59,23.55,23.62,22.44,21.69,21.87,22.29,23.1,24.24,26.39,23.91,22.87,21.9,21.47
20190321,25.95,23.58,23.52,22.91,31.34,79.97,64.82,27.58,29.28,24.97,31.29,25.67,23.79,23.93,23.6,23.98,25.96,26.96,26.52,31.52,30.06,26.51,22.92,22.4
20190322,23.56,23.84,25.21,23.02,24.28,28.29,63.54,35.62,49.9,44.31,36,32.11,31.84,30.41,28.53,24.66,24.18,24.61,25.53,26.36,25.55,23.21,23.15,24.27
20190323,23.81,23.02,22.51,22.95,22.45,27.75,43.89,38.32,27.67,28.16,29.25,28.11,25.7,25.77,24.91,24.04,23.89,24.38,24.55,29.09,24.18,23.32,22.57,22.6
20190324,21.49,21.67,22.06,22.07,24.43,24.91,51.55,27.83,27.88,27.3,25.02,24.08,23.38,23.21,22.91,23.9,23.58,23.37,24.2,25.25,23.67,21.7,20.53,20.38
20190325,21.33,21.15,20.88,20.49,20.33,20.94,22.91,23.33,24.33,25.06,23.99,23.58,23.54,22.77,22.86,22.29,22.69,24.54,24.58,25.61,25.37,22.83,22.1,22.42
20190326,21.65,21.85,22.11,22.6,23.51,27.08,63.37,33.35,32.81,36.87,38.67,37.36,33.38,29.02,26.01,28.86,26.4,28.69,27.93,47.45,33.99,35.33,25.93,24.86
20190327,23.59,23.63,24.03,24.61,28.72,32.8,34.3,32.6,31.06,32.84,27.32,26.77,26.08,24.23,23.87,23.77,24.66,24.77,25.63,26.44,25.42,23.63,21.8,20.69
20190328,22.95,20.75,20.84,21.05,25.88,29.06,48.16,26.21,23.01,30.38,26.6,24.6,21.58,25.56,20.11,21.29,22.83,24.83,35.64,34.46,27.64,22.35,21.22,20.68
20190329,20.93,20.08,20.3,18.63,22.81,22.59,25.31,24.86,22.69,22.43,22.72,22.93,23.17,23.58,23.34,22.95,22.34,22.52,23.54,25.08,24.76,22.56,20.62,20.56
20190330,17.54,18.94,19.27,19.98,20.63,23.16,29.61,27.65,30.39,27.57,29.66,26.97,36.39,28.32,24.83,24.26,23.73,23.8,23.2,24.33,23.13,21.99,20.1,23.22
20190331,21.53,18.89,18.31,18.37,18.76,19.98,21.66,23.51,31.89,25.15,26.23,26.33,27.55,25.19,23.73,24.42,26.41,25.16,29.05,27.59,26.19,24.73,22.3,22.49
20190401,21.83,23.32,22.07,23.29,22.87,23.17,33.88,47.86,38.65,32.98,34.79,33.37,29.08,27,25.03,25.88,25.72,30.04,34.31,35.49,29.83,34.81,27.97,27.52
20190402,32.58,34.29,30.21,30.73,36.23,29.61,61.49,41.83,32.17,33.53,33.27,31.59,28.84,27.55,26.53,25.54,26.67,28.9,29.93,72.76,29.01,27.73,26.24,24.84
20190403,24.75,26.21,25.85,26.81,27.57,27.89,79.8,33.09,38.04,27.58,28.17,26.84,25.22,24.34,22.55,22.83,23.49,23.58,25.19,89.38,55.28,24.72,23.82,22.89
20190404,24.05,25.16,24.39,24.63,24.06,25.61,30.76,28.59,27.94,249.54,196.57,234.5,133.38,27.16,26.31,25.54,25.31,25.1,26.41,60,28.39,26.28,22.55,23.46
20190405,21.01,21.86,21.86,22.57,23.05,27.8,25.78,26.43,26.3,25.94,170.14,23.91,25.6,26.3,25.56,29.45,39.3,30.07,39.18,33.2,28.24,40.51,23.39,24.31
20190406,24.03,26.51,25.26,26.68,26.23,33.21,46.99,60.15,52.72,65.33,48.18,31.82,33.64,35.05,34.81,28.16,26.54,27.32,27.85,27.43,28.2,25.19,22.71,22.36
20190407,23.23,23.38,22.81,22.79,23.77,23.69,25.18,25.96,30.95,32.98,28.03,26.6,24.39,25.03,24.69,31.62,41.01,31.34,25.33,25.53,23.1,22.24,21.8,21.68
20190408,18.8,19.11,19.97,20.61,21.31,23.27,21.91,22.94,23.46,41.28,25.5,24.01,25.87,23.9,22.65,22.15,24.59,22.73,24.53,25.81,29.65,24.29,23.15,22.26
20190409,20.69,20.64,19.39,18.48,19.53,23.11,26.1,26.33,27.07,30.94,27.72,30.87,33.33,29.8,34.34,53.4,40.22,31.92,27.63,29.44,45.64,24.14,23.03,22.73
20190410,22.11,20.97,20.33,21.2,33.08,29.33,36.97,46.34,29.81,29.42,28.18,26.65,27.6,27.98,32.34,35.25,48.64,27.19,29.42,27.02,51.06,22.62,21.84,20.78
20190411,19.64,19.72,19.25,19.71,21.22,28.96,24.91,26.08,25.03,25.76,25.07,24.85,25,26.09,25.72,23.95,25.97,47.9,30.69,30.3,29.19,24.83,22.78,23.28
20190412,23.68,20.6,20.92,21.12,23.03,27.33,29.14,26.78,28.45,27.23,26.17,25.6,25.22,24.29,25.67,24.12,23.5,24.41,24.87,25.43,25.02,23,21.87,22.75
20190413,20.03,20.61,20.58,21.89,22.39,25.58,26.59,28.55,27.01,25.91,24.2,23.42,23.47,23.12,23.22,22.21,23.51,22.78,22.32,25.73,26.86,23.08,22.41,22.16
20190414,21.26,20.35,21.14,20.82,21.83,23.34,23.07,26.13,27.46,27.17,29.93,29.35,25.31,24.78,22.37,23.34,24.5,28.04,27.26,45.42,29.45,27.9,24.66,24.1
20190415,21.45,22.22,22.65,22.97,22.32,22.88,22.34,23.21,25.7,24.56,25.18,26.13,25.49,25.59,24.28,24.35,25.57,25.79,26.21,31.85,29.2,26.46,23.68,22.35
20190416,21.32,21.49,21.78,21.76,23.11,27.65,33.36,29.22,31.39,27.63,26.36,25.66,24.51,23.87,22.21,22.56,23.07,25.08,26.81,27.8,27.16,23.67,22.74,22.29
20190417,22.02,21.52,23.33,29.25,27.57,150.95,45.96,27.14,27.84,28.86,26.88,27.86,27.01,26.73,28.15,28.27,26.93,44.1,30.75,28.77,25.92,22.82,20.21,19.82
20190418,18.43,18.31,18.26,19.37,21.7,21.71,22.45,24.19,24.25,23.98,24.34,24.26,23.5,23.84,23.02,22.32,23.42,22.66,24.63,22,21.58,21.27,21.1,20.4
20190419,18.7,18.54,18.14,19.76,18.08,26.02,25.25,24.87,26.07,25.38,24.27,23.52,23.83,23.1,23.04,25.41,25.96,27,24.27,26.06,25.41,22.55,21.36,18.92
20190420,20.36,18.15,19,20.28,18.41,20.51,21.32,21.99,25.46,32.38,21.74,22.9,23.96,22.64,21.68,22.12,22.05,22.84,22.98,25.14,25.31,23.85,22.48,20.57
20190421,20.23,18.3,18.59,17.9,19.94,20.32,18.59,20.72,25.61,23.28,22.11,23.45,22.13,21.6,21.48,22.26,22.3,22.97,23,23.03,22.33,21.56,21.87,18.21
20190422,17.69,17.44,17.4,16.03,16,19.91,19.03,23.19,42.12,21.05,21.07,21.17,19.59,19.34,19.44,17.71,21,22.14,22.77,22.4,21.93,22.14,17.01,13.69
20190423,16.63,15.27,11.53,12.81,20.81,29.07,27.92,35.73,31.3,31.06,29.3,25.33,28.23,30.4,34.62,49.71,39.31,37.17,28.3,27.52,39.61,24.74,21.66,20.91
20190424,19.9,19.71,19.54,20.15,21.65,24.68,26.91,28.91,30.15,28.62,28.54,32.34,36.29,71.25,33.94,38.87,41.41,38.4,63.86,72.75,69.15,27.38,24.75,23.56
20190425,22.08,22.58,22.96,22.66,24.1,24.89,27.07,26.8,46.84,26.41,25.01,29.9,32.85,37.57,42.15,32.01,46.58,33.34,29.61,26.65,26.06,26.95,20.52,21.8
20190426,19.63,19.67,20.84,21.94,23.45,25.05,27.27,23.56,25.88,25.6,25.57,24.72,36.34,27.35,27.74,25.56,24.84,23.59,23.3,24.28,26.18,21.6,19.38,17.37
20190427,23.6,17.12,17.91,20.42,19.34,20.36,22.07,23.17,24.03,22.68,22.58,23.47,24.62,24.85,24.2,24.63,23.77,23.97,24.24,25.17,25.88,30.42,22.68,22.6
20190428,20.91,20.17,19.64,20.75,22.25,31.98,21.71,21.91,23.9,22.78,23.51,23.18,23.11,22.23,21.88,22.67,24.83,26.21,52.69,26.57,27.79,35.17,57.37,25.81
20190429,24.52,24.57,21.04,20.4,21.91,67.89,161.39,27.52,45.96,25.19,23.54,24.4,21.94,24.85,21.87,22.5,22.85,23.25,23.14,24.57,24.42,29.99,21.67,20.59
20190430,18.45,19.61,19.94,23.18,24.64,29.07,26.54,27.67,25.65,25.84,26.77,30.34,33.36,44.69,33.69,33.15,27.1,26.42,27.55,37.68,27.52,28.8,26.19,129.14
20190501,20.39,20.43,20.28,23.36,21.95,26.12,28.4,38.06,30.74,38.61,27.62,49.2,25.85,26.67,52.85,27.57,25.16,33.85,27.33,26.66,24.18,24.68,22.25,22.72
20190502,22.63,21.27,20.37,20.76,23.42,31.81,34.38,28.16,28.36,29.8,31.91,34.28,27.27,29.91,29.02,30.87,30.95,40.15,35.44,34.58,48.42,25.65,27.29,23.53
20190503,21.71,21.49,21.34,21.22,25.88,29.84,38.05,27.35,28.78,28.74,29.13,26.99,27.61,27.3,27.26,28.61,29.78,25.72,26.68,28.21,27.57,23.73,22.41,20.92
20190504,20.35,18.82,19.55,19.74,21.23,23.1,25.4,30,26.54,28.42,26.53,25.77,26.88,26.51,26.02,29.69,26.97,25.22,24.36,25.91,27.46,25.58,22.87,22.66
20190505,21.26,21.29,20.92,20.59,20.87,21.58,21.22,22.26,24.5,24.91,24.67,24.74,23.98,23.98,23.45,22.84,23.45,23.67,23.36,23.45,22.76,21.05,20.24,20.48
20190506,20.17,19.35,19.01,17.03,18.63,20.08,19.78,20.89,22.17,21.85,21.87,22.22,22.27,22.23,22.19,23.81,24.58,26.07,23.51,22.89,23.17,21.28,20.37,17.35
20190507,15.7,14.45,13.61,12.7,17.5,21.75,22.84,23.81,24.36,25.48,26.85,24.9,26.18,25.81,26.65,28.91,27.6,29.88,29.84,25.24,25.24,21.17,20.34,19.62
20190508,18.15,16.89,18,17.24,23.96,21.83,24.03,24.27,24.85,27.32,27.39,28.22,38.42,27.32,26.6,27.39,26.01,25.31,26.12,25.56,27.04,22.58,21.51,20.46
20190509,18.82,18.3,16.3,16.57,19.71,22.03,22.39,22.63,22.24,22.5,23.11,23.97,23.78,24.01,23.49,24.2,23.98,24.51,23.68,24.64,24.63,22.34,20.18,20.71
20190510,18.91,19.71,18.26,19.44,18.72,23.31,27.88,26.31,27.4,27.35,28.47,44.33,25.59,25.52,26.75,25.31,24.32,24.44,26.2,39.64,42.98,23.81,22.18,21.83
20190511,20.11,21.03,19.75,20.16,20.63,22.72,24.31,25.95,28.07,27.06,24.52,23.81,23.96,23.71,23.49,24.86,24.38,24.28,23.7,24.17,26.84,22.77,21.4,21.57
20190512,22.17,20.2,21.62,21.04,21.56,22.28,21.84,23.47,24.21,24.63,28.12,25.05,23.62,24.14,22.91,22.02,22.39,23.05,22.95,23.12,23.57,22.94,21.73,20.56
20190513,18.26,18.6,18.72,20.87,20.59,21.38,21.13,22.06,23.19,23.48,31.19,22.84,22.92,23.57,23.92,26.42,28.84,34.1,30.8,27.89,26.23,24.44,21.89,21.23
20190514,20.87,20.28,21.12,20.55,21.12,23.43,84.94,29.65,37.33,26.43,26.3,26.64,35.77,30.1,29.02,28.26,30.04,33.44,29.86,26.85,26.08,23.49,22.31,19.43
20190515,19.51,19.55,18.43,18.97,20.82,22.24,22.84,23.7,24.08,26.13,25.74,27.09,27.03,27.37,28.07,29.14,38.29,41.45,26.85,25.75,26.36,22.58,22.12,20.96
20190516,18.45,19,19.09,19.59,20.54,22.26,23.06,24.19,25.59,29.39,36.43,28.63,33.07,48.96,34.3,36.58,33.12,29.32,27.92,28.56,31.83,23.12,22.75,20.95
20190517,17.57,17.6,17.21,19.84,20.42,21.59,22,22.77,22.9,24.93,25.8,26.78,30.99,426.42,26.87,24.8,26.12,29.92,25.7,23.42,34.72,38.23,22.29,22.15
20190518,20.75,20.82,20.04,21.02,20.51,22.46,23.92,24.15,24.16,25.08,26.99,25.22,27.73,25.51,26.64,30.2,31.02,28.85,24.06,23.66,23.55,22.01,21.36,20.4
20190519,19.07,18.27,18.32,19.67,21.64,24.14,39.32,23.31,23.41,24.73,26.8,24.79,28,25.31,26.79,26.46,28.51,26.25,27.44,30.4,24.85,22.06,21.17,24.71
20190520,18.72,19.92,16.86,16.7,16.62,18.35,22.77,68.06,168.06,52.86,30.62,23.86,24.13,24.06,23.45,24.01,22.53,21.56,22.68,22.24,22,20.02,19.63,18.82
20190521,17.4,17.86,18.24,18.82,20.51,21.35,22.8,22.41,23.3,25.02,25.59,25.41,25.28,26.02,24.1,26.55,24.76,26.63,25.32,25.6,24.63,22.01,19.81,20.21
20190522,19.12,18.13,19.06,18.25,21.81,20.71,21.21,21.85,21.71,21.26,22.47,21.86,23.28,23.89,20.71,24.98,22.86,21.38,22.41,22.37,21.83,19.28,17.34,15.91
20190523,14.71,12.36,10.3,11.65,13.15,16.72,20.89,20.33,20.86,22.35,21.4,21.47,21.15,22.48,24.11,29.77,26.16,25.42,27.51,22.4,23.24,21.5,19.33,19.83
20190524,15.9,15.5,16.95,14.98,15.27,19.46,24.26,21.95,21.97,21.96,22.51,22.7,26.06,25.81,27.6,25.32,27.98,24.11,24.58,24.98,27.32,22.77,22.31,21.18
20190525,19.58,18.96,17.38,16.08,14,19.32,21.57,22.03,23.41,24.74,27.93,30.18,26.38,32.44,37.56,37.77,29.37,29.55,27.81,26.23,26.09,23.32,22.01,19.64
20190526,16.82,15.73,15.17,11.43,13.27,11.77,11.49,18.24,21.97,22.76,24.27,24.02,24.37,24.89,24.19,26.79,25.63,25.69,25.64,24.99,24.58,22.2,21.1,20.8
20190527,19.52,19.77,21.23,16.9,16.87,18.77,19.45,22.35,22.83,24,24.76,25.06,25.81,25.99,25.55,26.02,27.75,26.99,25.65,24.98,23.98,21.6,18.82,17.02
20190528,18.8,17.57,15.13,13.77,14.5,13.54,15.04,21.15,22.26,21.53,22.53,22.74,23.07,23.83,23.13,24.28,25.25,26.06,25.91,26.59,23.68,20.44,20.35,19.11
20190529,20.84,26.21,18.43,13.44,20.54,41.82,22.08,27.18,42.24,106.15,28.63,25.99,45.12,46.08,50.71,32.43,43.39,29.55,39.45,31.2,36.51,24.98,24.52,21.48
20190530,22.07,21.53,21.7,21.67,21.97,22.83,23.11,27.76,34.45,33.48,38.21,28.95,44.18,57.7,30.8,39.22,30.92,27.97,26.89,26.72,27.19,24.8,23.93,22.38
20190531,21.21,20.2,20.3,19.96,20.71,21.5,23.19,24.86,27.79,26.61,25.64,26.15,25.87,26.05,27.33,32.18,31.48,34.51,59.26,30.07,35.24,24.55,23.15,22.57
20190601,21.07,19.64,18.84,20.88,25.18,20.83,22.19,22.68,23.92,25.1,26.11,25.48,25.44,27.73,45.44,26.91,26.36,27.68,25.21,25.33,24.22,23.28,21.97,20.3
20190602,18.75,18.28,18.21,19.27,19.78,19.95,20.71,21.64,23.02,23.32,24.2,24.98,26.3,27.98,27.25,40.52,29.22,40.16,23.76,23.23,22.8,21.89,20.61,18.86
20190603,18.83,19.62,18.4,17.43,17.05,16.93,18.39,20.38,22.4,22.27,23.3,23.31,23.74,23.58,43.01,28.02,54.56,35.61,26.2,23.99,23.67,22.27,20.31,19.18
20190604,16.42,15.65,14.97,15.03,15.95,20.3,21.43,22.26,22.6,23.05,23.84,24.51,24.52,25.28,23.85,23.74,23.7,23.45,23.82,23.71,23.77,21.66,21.24,18.87
20190605,17.04,11.91,11.16,13.52,14.88,17.1,41.41,31.45,22.26,25.71,32.98,24.19,24.42,23.12,24.39,22.41,21.9,22.29,24.27,24.15,25.26,22.13,21.65,21.11
20190606,21.29,19.95,18.9,17.04,19.5,21.87,22.22,22.69,23.67,25.66,24.48,25.16,53.59,66.92,74.89,91.95,40.38,26.29,28.63,26.99,25.73,24.12,23.19,22.32
20190607,21.18,20.43,19.24,20.37,24.13,21.68,22.6,23.36,24.06,27.33,25.44,26.26,30.78,42.25,47.4,54.24,36.57,49.4,29.22,27.9,40.36,23.87,22.4,21.37
20190608,19.34,19.27,18.45,18.64,19.9,20.78,21.7,22.98,25.6,66.79,28.52,28.45,28.7,31.72,32.4,32.19,26.98,26.64,24.89,23.15,22.82,21.79,19.98,20.09
20190609,18.51,16.22,15.06,14.67,14.01,14.87,16.92,21.7,22,21.55,22.15,23.03,23.43,24.56,23.71,24.14,20.82,21.9,23.35,21.34,22.61,21.59,19.99,19.52
20190610,17.7,17.7,16.23,15.73,15.53,15.33,15.35,18.4,20.59,21.56,21.41,22.15,22.58,21.78,22.32,22.96,25.01,24.25,24.29,22.42,31.96,22.03,20.68,18.22
20190611,17.51,15.4,11.5,13.35,15.67,19.33,20.55,21.89,24.72,21.99,22.37,21.35,21.35,22.24,25.59,28.21,25.51,25.09,24.1,25.17,24.57,22.23,20.75,18.93
20190612,19.57,16.13,15.44,15.6,16.54,18.28,20.73,22.21,21.44,22.44,23.18,23.35,23.45,24.84,27.2,52.45,39.28,43.98,27.55,24.3,23.72,22.13,20.03,19.37
20190613,17.87,17.7,15.78,15.65,17.82,18.71,20.94,20.7,20.93,21.12,21.18,21.28,21.53,22.38,21.32,22.34,20.09,20.69,19.69,21.3,22.37,21.85,18.49,17.9
20190614,15.55,15.31,15.06,15.36,16.79,20.18,21.56,21.82,22.21,22.66,22.42,22.99,16.33,19.27,19.84,17.25,20.33,21.33,21.83,23.08,22.27,19.8,15.79,14.78
20190615,13.84,12.62,12.31,13.1,14.92,16.53,17.93,33.55,21.56,21.16,21.16,20.83,21.63,21.26,20.62,22.88,22.7,23.67,22.85,21.47,22.28,21.53,18.57,18.32
20190616,16.45,14.22,13.63,14.71,14.93,15.56,15.86,19.15,20.59,20.32,20.17,20.7,20.75,21.46,20.78,21.86,21.98,22.1,21.99,21.58,22.39,21.48,20.9,20.26
20190617,17.38,18.9,17.18,14.9,15.23,14.65,15.87,18.47,20.28,20.55,20.73,21.37,21.57,21.79,22.45,26,22.43,20.71,21.37,22.26,22.15,21.8,20.54,19.94
20190618,18.86,19.25,18,17.27,18.87,20.94,20.88,22.64,24.11,24.87,24.37,25.02,27.64,28.31,31.42,26.34,27.21,26.71,26.65,27.09,27.55,24.16,21.63,21.12
20190619,19.69,19.14,18.82,18.11,18.87,20.52,21.67,22.14,24,25.13,28.46,28.66,30.05,39.67,45.21,42.29,57.47,42.67,47.25,38.64,42.02,24.68,23.6,22.68
20190620,21.22,20.08,19.41,18.61,20.22,21.46,21.7,22.48,23.28,25.73,26.87,31.96,32.85,48.4,40.19,36.59,29.39,28.31,27.04,25.18,25.66,22.93,21.83,21.7
20190621,20.36,19.44,18.55,18.26,19.16,20.28,21.14,21.72,22.43,22.76,23.7,23.78,44.77,24.59,23.39,17.49,21.85,22.27,21.67,21.14,22.34,20.27,19.2,19.02
20190622,16.09,15.08,13.97,14.7,14.63,16.32,20.09,21.33,19.09,22.16,22.34,22,20.65,21.46,21.52,20.76,21.17,19.53,20.05,17.79,17.85,20.6,19.27,19.19
20190623,16.15,15.83,15.35,14.62,15.5,15.41,15.65,17.64,20.13,19.38,19.74,19.74,20.47,20,20.56,20.87,21.54,21.19,21.16,20.53,20.35,20.12,17.59,14.9
20190624,14.36,12.88,12.62,11.97,10.37,2.25,11.25,14.97,19.31,20.43,20.09,19.87,20.76,21.83,22.56,22.79,23.45,22.64,22.63,20.45,21.85,21.58,19.97,17.78
20190625,16.03,15.26,14.08,11.57,12.62,17,20.48,20.93,22.29,22.63,22.73,23.28,27.59,23.34,23.25,23.76,23.67,23.51,23.49,23.18,22.57,21.4,18.47,15.16
20190626,13.62,11.19,10.39,8.18,12,13.81,19.06,20.49,20.92,21.66,21.71,21.91,22.93,22.22,22.94,22.93,23.35,23.71,23.83,24.73,24.81,22.5,20.55,19.46
20190627,16.05,16.37,15.9,15.87,16.71,18.83,21.14,21.64,23.31,31.93,24.98,24.77,25.7,26.44,27.08,27.47,30.03,30.07,25.02,24.48,24.38,22.99,21.59,20.79
20190628,19.41,18.04,17.61,17.21,19.1,20.5,21.06,21.93,23.02,24.32,26.74,26.31,27.32,31.97,31.9,32.51,43.32,28.42,26.81,26.54,27.63,26.11,23.72,23.16
20190629,20.38,18.13,17.35,17.12,17.5,18.71,21.89,22.84,24.44,26.06,26.29,25.08,24.69,25.78,28.4,31.44,35.63,29.54,27.35,25.96,28.82,23.52,22.16,21.87
20190630,21.17,20.11,19.4,17.63,17.26,17.7,20.6,22.62,83.57,38.44,140.93,62.07,38.75,30.3,182.65,36.41,46.36,52.24,117.13,39.17,24.19,24.1,22.77,21.85
20190701,20.02,17.26,15.64,15.11,15.04,15.15,17.01,20.23,21.38,22.38,23.61,24.38,25.75,26.91,28.03,36.94,30.87,30.65,26.81,25.63,25.29,22.04,23.54,20.07
20190702,17.37,16.36,14.75,15.4,18.04,19.57,20.84,21.77,22.45,23.52,24.19,25.19,33.27,49.04,34.87,62.86,70.09,43.27,33.13,25.94,35.25,27.12,24.69,22.44
20190703,21.74,20.38,19.96,19.26,20.58,21.68,22.28,22.38,23.17,24.21,25.76,25.98,79.18,34.2,35.34,37.51,34.37,28.99,25.86,24.68,24.35,24,23,21.98
20190704,21.37,20.27,19.13,19.15,20.1,20.81,22.04,23.06,24.09,25.54,31.46,30.52,42.74,42.78,31.93,38.7,32.37,31.19,26.24,24.6,24.27,23.01,21.82,21.01
20190705,19.85,19.52,18.77,16.67,15.98,15.96,19.62,20.8,21.64,27.37,28.63,34.87,29.68,27.66,28.11,30.56,51.1,26.65,27.65,31.92,25.13,22.95,22.68,21.75
20190706,21.21,20.24,18.17,17.74,19.04,19.68,20.96,21.54,22.97,44.54,31.14,35.15,28.58,28.56,31.04,35.39,39.14,29.2,25.99,31.09,52.57,24.37,21.81,21.47
20190707,21.06,19.74,18.13,17.02,16.97,16.99,77.92,20.28,22.55,27.8,45.13,41.63,82.5,30.13,36.01,28.78,28.48,25.87,25.76,23.62,23.28,22.25,20.7,20.5
20190708,20.21,19.12,17.66,16.63,15.9,14.87,15.44,18.58,20.8,21.44,22.11,23.36,27.59,28.4,38.76,36.29,52.51,34.5,27.29,25.38,24.67,23.05,21.3,20.83
20190709,18.84,17.54,16.21,15.48,16.35,17.93,20.11,22.06,22.84,23.93,25.82,33.76,59.28,27.49,33.15,65.13,88.29,28.4,28.76,26.33,26.5,23.08,22.84,20.18
20190710,19.2,17.61,16.8,15.58,16.39,18.68,20.8,20.1,20.96,24.02,25.27,26.4,26.29,32.37,100.78,129.3,342.57,99.13,73.67,38.95,74.12,30.66,22.79,22.14
20190711,21.58,20.91,20.43,20.44,20.93,21.52,22.33,23.08,26.67,53.79,40.07,28.94,40.59,36.3,36.78,40.11,41.2,42.15,49.01,33.92,27.89,57.05,27.1,22.67
20190712,20.92,20.85,19.96,19.18,20.21,21.17,22.04,26.76,24.63,25.72,25.58,26.97,25.11,35.35,36.15,38.41,29.76,25.11,26.03,25.31,25.75,23.95,22.43,21.58
20190713,20.24,19.17,18.25,18.09,19.07,20.49,21.26,23.7,23.25,23.85,26.3,26.79,25.78,49.55,27.65,39.21,45.1,27.76,27.5,30.05,27.45,23.84,22.74,21.93
20190714,20.98,20.3,19,17.86,17.54,16.99,18.34,21.3,22.78,34.12,31.64,32.37,25.48,31.43,35.69,111.53,49,39.79,36.85,44.44,58.24,29.64,22.97,22.16
20190715,20.68,20.45,20.08,19,16.94,17,18.83,21.22,22.17,114.97,24.94,24.88,28.88,27.53,48.27,50.03,57.06,38.11,36.09,26.31,35.8,24.3,22.68,21.58
20190716,19.98,18.47,17.26,17.49,19.09,20.76,26.78,24.46,33.11,25.98,28.9,32.43,36.87,29.36,28.32,28.26,35.48,27.47,29.41,26.59,27,25.12,23.7,22.79
20190717,21.31,20.48,20.07,20.1,20.94,21.83,23.11,23.55,23.39,24.65,25.08,30.16,29.88,69.73,39.9,36.11,32.38,97.1,30.93,28.34,25.7,26.65,29.02,24.95
20190718,20.9,20.61,20.45,20.18,20.78,21.79,22.3,23.86,23.05,23.12,25.8,102.91,29.65,34.03,46.58,43.49,40.95,39.75,49.66,33.54,28.3,24.51,25.6,27.96
20190719,23.82,19.4,18.32,17.31,18.75,21.37,22.82,21.43,21.49,22.77,23.28,23.74,23.81,25.16,24.22,25.03,24.95,24.84,25.4,24.93,25.38,24.31,22.24,22.36
20190720,20.23,19.98,19.29,19.75,20.75,21.81,23.14,21.82,23.75,24.57,27.13,25.48,25.04,25.42,25.24,26.12,26.83,26.94,25.59,27.93,24.5,24.35,24.04,22.98
20190721,22.19,21.12,20.16,19.2,18.31,18.57,19.51,20.62,22.04,23.16,25.09,26.47,25.6,25.15,27.73,28.22,26.34,24.25,23.37,17.95,23.06,22.62,21.98,21.52
20190722,20.69,20.42,18.97,18.64,17.71,17.7,18.88,20.82,21.37,22.88,23.48,25.05,17.38,20.49,24.34,25.39,27.76,28.11,25.09,24.36,23.36,22.7,21.5,20.67
20190723,19.83,17.35,16.52,16.44,18.3,20.61,21.15,21.88,22.43,22.9,22.95,23.51,23.29,23.94,24.4,24.48,18.45,24.38,24.17,23.66,22.93,22.45,20.67,18.77
20190724,17.14,16.27,15.39,14.92,16.26,17.81,20.44,21,21.82,21.83,22.08,22.75,23.28,26.21,25.19,27.54,25.67,25.49,29.77,22.51,23.16,22.51,21.28,18.98
20190725,17.68,16.48,15.99,15.86,17.29,18.79,20.95,20.81,26.54,23.76,25.07,47.4,30.37,37.16,29.81,34.22,43.98,29.36,33.97,24.94,28.09,22.55,20.66,19.91
20190726,17.51,15.4,13.52,14.15,14.71,17.54,24.56,23.75,23.37,41.97,41.77,38.55,34.75,28.47,34.62,55.22,64.76,32.92,28.76,32.87,29.89,23.2,20.59,20.2
20190727,17.98,16.72,15.45,14.75,15.99,19.43,21.43,22.02,32.54,23,24.41,25.24,36.63,28.23,28.08,32.18,47.32,29.31,25.58,26.1,24.06,22.49,21.14,20.41
20190728,17.87,17.36,16.06,15.5,14.9,15.39,17.5,20.67,32.04,29.52,24.02,24.69,26.33,28.36,36.88,39.49,63.4,50.3,40.14,27.28,26.26,24.2,22.22,20.89
20190729,19.24,18.59,17.15,16.06,16.13,15.46,17.45,32.67,27.9,27.48,35.73,29.48,31.52,31.84,36.72,34.01,60.07,191.81,31.36,70.69,55.5,22.97,21.03,20.77
20190730,20.59,19.89,18.88,19.67,21.16,24.09,29.86,35.58,27.12,31.08,41.11,33.7,32.58,32.56,29.51,24.79,24.66,25.05,25.08,26.2,33.87,24.72,21.85,21.25
20190731,22.09,20.51,20.28,19.89,20.93,23.56,22.98,26.59,26.56,40.8,78.45,94.83,31.6,35.07,284.1,37.33,34.07,41.9,80.06,162.61,28.51,144.45,21.18,21.23
20190801,19.72,19.75,17.98,336.62,306.23,21.51,20.83,21.82,22.22,22.3,24.79,30.02,29.86,102.58,25.48,28.45,38.83,27.33,28.22,25.14,24.2,22.97,21.74,20.89
20190802,18.58,17,16.39,16.09,16.51,18.52,20.02,20.13,22.41,21.94,22.78,23.35,23.94,26.64,33.85,59.99,89.28,35.79,30.64,27.06,23.81,22.45,21.75,19.73
20190803,19.66,17.68,17.17,16.86,17.54,20.97,21.21,21.13,22.3,23.03,24.16,24.4,25.09,30.43,39.74,95.91,31.91,26.26,24.74,24.77,24.54,23.07,21.99,21.73
20190804,19.26,18.45,18,17.5,17.47,17.73,19.6,21.61,22.05,23.75,26.76,37.66,29.02,27.63,28.77,38.6,39.47,34.71,31.66,24.84,26.87,69.52,20.55,20.44
20190805,18.61,17.48,16.13,15.56,15.48,15.45,15.96,19.83,21,21.47,22.45,23.76,24.9,26,26.46,29.13,29.9,34.46,28.23,27.07,28.09,23.56,20.92,19.8
20190806,19.17,17.78,16.88,16.39,17.92,18.98,20.09,21.83,21.66,23.34,25.21,25.55,26.6,30.37,52.52,47.94,32.52,26.49,25.65,24.54,24.09,22.71,21.56,20.4
20190807,19.41,19.36,16.2,16.36,17.86,21.47,20.25,22.41,22.51,22.14,22.49,23.67,24.86,27.22,26.71,32.28,32.33,34.62,25.19,24.13,23.91,22.72,21.23,20.63
20190808,16.9,16.17,15.46,15.43,16.45,19.55,20,21.67,22.39,24.44,24.25,25.04,34.33,26.37,27.27,32.61,51.23,28.88,26.3,24.51,24.15,22.95,21.42,20.55
20190809,19.01,17.61,16.24,15.55,17.34,19.85,20.18,21.32,22.84,24.8,34.74,24.48,25.16,28.87,26.94,27.41,26.37,23.92,24.13,24,23.54,21.77,20.76,19.95
20190810,18.28,17.41,15.96,15.84,16.71,18.89,20.19,21.09,22.09,22.16,23,23.87,24.71,27.3,49.69,38.19,37.98,30.34,25.14,22.6,23.17,20.92,20.25,19.69
20190811,17.92,15.88,14.86,14.19,14.2,14.65,15.84,18.76,20.65,21.15,21.97,25.86,22.87,24.4,24.06,25.29,41.03,30.71,27.08,23.01,23.42,21.44,20.63,20.37
20190812,19.14,18.14,15.55,15.01,14.69,15.78,16.19,17.75,19.82,20.58,21.58,23.23,23.26,24.13,24.91,27.06,30.52,31.46,30.3,29.69,25.56,23.21,21.18,20.5
20190813,19.38,17.94,17.06,17.67,18.66,21.47,22.01,22.49,24.54,24.35,43.19,29.61,41.9,30.9,102.09,37.77,46.65,36.87,72.91,33.3,45.98,24.17,23.03,22.43
20190814,20.66,20.1,19.79,19.45,19.75,21.66,22.36,30.9,22.42,31.49,47.58,30.08,24.65,56.01,37.01,47.6,38.59,31.57,27.2,24.18,24.35,22.5,21.4,20.6
20190815,19.32,18.28,16.99,16.72,17.99,21.34,21.42,21.99,22.58,23.34,25.57,38.26,34.41,95.58,30.61,39.34,53.48,28.49,25.47,23.93,24.81,22.5,21.43,20.78
20190816,19.71,17.85,17.05,17.93,19.45,21.49,21.4,21.34,22.75,23.84,27.05,26.85,26.95,29.67,27.64,29.75,28.05,27.25,24.08,24.57,24.06,22.23,20.94,19.78
20190817,17.63,16.06,15.23,15.01,15.83,18.93,20.02,20.35,20.65,21.71,22.62,23.19,25.12,28.68,46.08,55.07,34.79,27.1,25.08,24.62,24.14,21.75,20.14,19.29
20190818,18.16,16.43,14.61,13.74,13.2,14.25,14.95,17.45,20.8,21.45,22.07,23.2,25.77,24.74,26.23,27.4,29.96,25.75,23.52,23.72,23.32,22.08,19.89,18.4
20190819,16.9,15.88,14.75,14.12,13.73,13.7,14.67,17.06,19.73,21.29,21.79,24.3,23.93,22.79,23.1,33.3,24.54,25.72,25.29,23.42,22.69,21.38,20.3,18.04
20190820,16.89,16.62,15.81,15.87,16.83,19.37,20.33,21,32.73,24.4,25.22,24.83,25.29,28.96,48.56,71.48,34.84,31.56,27.19,24.46,24.19,22.17,30.44,20.95
20190821,19.95,18.44,16.72,16.1,17.79,21.85,21.06,24.1,31.06,26.63,37.05,28.18,26.45,24.43,24.53,25.01,23.49,24.89,24.02,23.74,23.23,21.7,21.49,20.53
20190822,18.91,17.35,16.28,15.44,19.32,22.15,21.61,21.89,22.62,24.32,25.11,34.43,30.87,47.3,79.58,68.58,29.5,30.92,26.38,27.88,26.62,22.31,21.94,21.55
20190823,21.47,20.46,19.36,19.12,20.61,21.73,21.79,22.17,22.24,23.12,23.57,24.18,27.89,32.7,25.82,27.51,26.56,25.07,24.61,24.52,23.37,21.23,20.48,18.36
20190824,16.19,14.37,13.16,13.61,14.42,17.23,20.25,20.25,21.79,22.09,21.97,21.79,22.18,22.14,22.33,22.6,22.53,22.05,21.39,21.05,20.29,18.56,14.79,15.66
20190825,14.97,12.43,12.62,12.67,12.44,13.31,14.96,16.4,19.23,19.98,19.99,20.32,20.85,20.68,21.94,22.22,21.63,22.06,21.18,20.33,19.96,17.78,15.46,15.88
20190826,11.57,10.46,10.32,10.34,10.26,11.59,12.85,12.94,17.91,18.78,19.31,19.31,20.1,20.53,20.71,21.33,21.61,21.31,21.34,21.43,21.41,19.85,19.11,18.16
20190827,14.83,14.68,14.43,14.98,15.84,19.95,21.25,64.42,21.18,34.04,22.17,23.11,23.32,23.01,22.71,21.97,22.44,22.61,22.38,22.79,21.7,19.09,19.64,16.67
20190828,15.7,14.34,14.62,14.13,15.34,19.87,22.54,22.38,34.16,38.33,24.7,34.87,39.45,36.09,25.5,28.72,33,34.69,27.78,24.59,23.78,20.83,20.36,19.7
20190829,17.05,16.25,14.25,14.77,15.42,21.69,19.86,20.09,20.88,21.88,21.93,21.92,23.57,24.64,27.18,44.88,27.32,28,26.81,23.56,24.56,20.97,20.22,18.15
20190830,16.69,14.15,13.21,12.93,13.72,15.15,19.11,19.09,20.81,20.91,20.99,21.91,22.95,24.12,27.96,45.87,106.28,28.68,31.55,27.56,24.68,21.9,20.84,20.48
20190831,18.75,17.38,16.8,17.57,18.63,22.43,21.48,21.02,21.83,22.75,24.46,24.33,32.77,37.3,34.71,32.21,27.46,24.81,23.18,22.48,22.13,21.2,20.02,19.98
20190901,19.41,17.95,16.02,15.62,15.25,15.48,15.62,16.76,19.71,20.87,21.16,21.84,22.01,23.13,24.93,27.86,25.46,23.43,22.14,21.91,22.11,21.03,20,18.22
20190902,16.52,15.68,14.99,14.74,14.36,14.07,14.83,15.63,18.1,20.37,20.34,20.77,21.01,21.71,22.03,22.2,23.17,23.04,22.11,21.88,21.92,20.54,20.05,19.67
20190903,17.43,15.75,14.47,14.14,13.72,14.56,14.88,15.56,18.89,21.7,22.61,23.18,41.79,26,44.58,32.56,62.05,25.49,26.13,25.91,27.47,23.33,21.87,18.37
20190904,19.5,17.49,17.08,12.55,14.47,20.46,20.83,21.35,21.5,22.66,23.97,24.56,23.89,24.29,17.56,23.81,22.52,23.53,21.57,26.69,24,21.81,21.32,21.15
20190905,20.26,18.8,17.33,17.7,18.93,21.63,21.29,21.62,22.8,58.27,29.66,24.5,25.36,29.33,29.38,77.46,51.76,26.58,25.16,24.48,23.79,21.74,20.65,19.3
20190906,17.88,15.83,14.67,15.22,17.12,20.4,20.26,20.49,20.79,21.44,22.42,23.11,23.69,23.41,24.27,37.29,29.24,26.36,25.2,25.06,24.31,21.62,20.96,20.29
20190907,17.08,15.33,14.61,14.4,15.88,19.36,20.66,20.95,21.64,22.49,23.29,23.74,24.61,24.33,26.19,27.18,26.23,24.44,23.73,23.81,22.69,21.72,20.91,20.85
20190908,20.1,18.92,18.68,17.99,16.75,17.73,19.46,20.25,21.09,22.04,22.51,23.59,24.31,26.07,26.65,44.45,26.64,24.74,24.27,23.92,22.91,21.62,20.41,20.64
20190909,19.25,17.01,16.13,15.2,15.49,15.69,16.87,19.23,20.38,21.5,22.06,22.91,23.26,24.02,23.77,23.55,23.76,23.54,23.16,22.99,22.49,21.27,20.62,20.68
20190910,20.06,18.3,18.22,18.5,19.97,21.12,22.17,22.13,22.61,23.7,24.92,30.42,29.82,76.66,31.84,266.05,86.19,24.68,32.95,30.94,23.95,22.21,21.08,20.31
20190911,18.5,18.86,16.17,15.69,18.06,24.24,22.72,22.01,21.67,22.73,23.18,23.81,24.14,26.78,39.02,58.1,34.06,39.64,522.38,28.91,26.61,26.39,22.9,21.88
20190912,19.28,18.18,18.39,18.04,19.28,25.38,36.33,28.92,26.15,26.22,46.79,33.38,51.78,39.63,35.99,40.93,45.79,162.25,33.06,69.52,90.31,24.39,23.76,21.82
20190913,19.08,18.75,17.7,17.63,19.05,25.78,21.88,21.56,33.05,24.03,25.38,25.94,29.29,38.52,49.34,18.73,7.64,16.22,27.23,39.63,27.85,23.48,21.78,20.58
20190914,19.07,17.99,17.54,17.39,18.43,20.91,22.13,21.04,80.84,76.34,49.06,33.92,207.8,32.47,30.09,31.17,28.9,27.18,23.05,25.23,22.98,22.23,21.01,20.79
20190915,18.95,17.14,16.58,15.48,15.28,15.44,17.46,20.46,19.38,21.11,21.35,21.57,22.63,22.86,24.55,24.06,23.72,24.15,23.22,22.76,22.1,21.37,20.86,20.13
20190916,19.09,18.19,16.33,15.78,15.91,16.2,17.42,18.36,19.83,20.96,22.48,23.1,23.75,25.5,26.4,138.62,48.1,64.51,27.05,28.95,24.15,23.32,21.61,21.09
20190917,17.6,17.58,16.82,16.67,19.58,22.15,22.6,22.69,24.33,24.3,25.92,27.37,28.35,29.22,29.33,30.39,28.13,25.64,25.15,25.29,24.6,22.88,21.62,20.7
20190918,17.68,16.81,16.08,15.94,18.1,20.73,21.16,20.72,22.17,23.99,24.45,24.68,24.33,25.35,27.14,30.46,25.65,26.16,25.82,26.45,24.38,22.19,20.41,19.58
20190919,18.17,17.77,16.5,16.56,17.78,20.76,20.85,20.79,21.94,23.42,24.06,24.48,24.23,24.13,25.32,25.53,27.83,29.25,26.16,24.84,22.7,21.99,21.1,20.42
20190920,19.51,18.38,17.78,17.94,19.24,20.77,21.61,21.46,22.07,23,23.82,24.34,25.01,26.65,27.9,30.07,28.96,27.65,25.41,25.26,22.97,22.69,21.65,20.44
20190921,19.06,18.13,18.13,18.82,19.53,22.04,23.62,22.5,23.22,24.73,24.99,37.16,26.32,39.15,27.31,27.17,28.81,26.62,25.11,23.95,24.05,22.47,21.9,21.51
20190922,19.66,19.21,19.01,18.35,18.34,19.68,19.15,20.66,22.18,25.06,25.11,30.86,28.2,29.35,47.6,39.13,26.71,26.2,25.71,25.57,24.57,23.68,22.49,21.91
20190923,21.33,20,19.98,19.77,18.8,19.16,19.14,19.06,20.45,22.62,25.16,34.18,28.49,61.11,29.92,31.43,39.23,37.27,38.76,79.02,25.82,24.91,23.31,22.32
20190924,20.64,20.14,19.91,20.44,21.23,24.56,120.75,23.39,23.74,24.88,32.74,30.6,35.86,52.35,44.77,46.86,28.16,27.3,25.24,26.47,23.05,21.62,20.34,19.31
20190925,17.23,16.16,15.38,15.68,18.69,20.47,26.69,21.46,23.66,23.66,24.43,28.61,29.8,28.84,35.33,33.04,29.63,25.91,29.03,36.73,23.13,22.09,19.5,18.9
20190926,17.68,16.1,15.24,15.29,17.22,20.12,20.46,20.1,21.01,22.32,22.6,23.06,25.02,26.79,41.66,39.52,54.52,25.57,32.1,26.77,23.79,22.2,20.88,20.44
20190927,19.52,17.97,14.89,16.27,19.87,20.54,21.69,21.36,22.3,23.26,23.99,25.19,25.6,28.87,38.11,42.57,23.31,22.23,22.6,23.1,20.45,19.26,19.34,17.26
20190928,13.23,12.23,11.96,11.86,14.3,19.61,19.91,20.23,20.82,22.17,22.99,24.04,28.26,15.29,19.19,18.18,19.62,-3.47,23.17,22.48,21.56,20.77,20.86,20.49
20190929,18.63,18.46,17.37,16.71,16.26,17.51,19.1,19.68,19.62,21.25,21.69,22.32,25.33,26,23.39,32.87,24.07,21.66,20.49,21.61,20.82,18.26,18.57,17.64
20190930,14.26,14.23,12.82,11.17,11.66,12.11,12.87,14.85,17.74,19.53,20.22,20.95,21.51,22,18.71,13.89,22.54,22.11,22.21,22.04,20.75,20.45,19.56,18.71
20191001,16.09,14.33,12.44,11.76,13.11,19.34,19.74,19.73,20.64,22.12,22.35,24.17,23.44,23.72,21.24,22.58,23.18,26.82,22.81,23.72,21.35,20.84,19.4,19.11
20191002,18.15,16.89,15.3,15.71,16.71,20.25,25.08,21.61,25.5,49.73,57.95,39.38,57.43,98.52,318.54,444.04,143.39,39.94,29.96,28.08,24.18,22.21,20.2,20.4
20191003,19.08,19.34,17.93,18.27,18.92,24.47,31.87,22.82,20.52,25.73,24.01,12.29,-37.06,-6.69,23.67,16.13,-4.85,23.4,34.31,24.88,19.58,21.27,20.16,19.08
20191004,18.8,17.67,17.25,16.73,17.7,19.86,22.33,22.03,23.51,23.99,23.09,23.28,23.32,24.44,24.62,25.67,23.15,23.3,23.12,22.02,19.79,20.76,19.29,15.85
20191005,15.85,15.42,14.61,14.84,16.68,19.95,20.9,20.84,21.07,21.33,22.15,22.07,22.15,22.48,24.96,24.68,20.69,20.57,21.13,21.24,20.23,18.5,15.37,14.11
20191006,12.55,12.72,12.04,12.05,12.8,14.53,16.36,17.34,19.41,19.04,25.56,18.91,18.92,19.13,22.64,21.83,20.67,22.13,22.19,27.74,19.91,17.84,17.53,16.75
20191007,16.35,15.05,12.87,12.17,11.89,15.89,15.44,15.17,18.54,19.14,19.62,19.87,20.41,19.67,29.31,26.17,37.18,24.84,23.08,21.88,20.51,19.63,18.2,16.68
20191008,15.78,14.69,15.14,15.87,18.22,20.45,21.94,22.48,53.31,78.86,27.57,24.78,23.34,23.52,23.14,24.04,24.79,56.16,28.75,23.56,21.25,19.98,17.81,15.84
20191009,11.9,11.59,9.36,8.82,13.39,31.32,21.88,21.69,21.45,23.9,24.52,24.14,22.63,22.85,21.96,23.19,22.38,22.65,23.43,21.75,19.96,17.9,15.85,13.92
20191010,11.39,10.35,11.98,12.06,14.25,19.21,21.63,20.57,21.17,27.33,23.09,24.1,22.67,29.6,45.44,22.4,24.69,26.53,23.39,23.73,22.15,20.93,19.66,18.96
20191011,18.53,16.16,16.01,17.05,18.7,118.86,23.26,23.22,23.85,23.52,34.07,40.55,24.3,24.77,24.38,22.75,21.58,22.23,23.96,24.36,21,20.39,18.18,17.7
20191012,16.08,16.74,15.58,15.73,18.58,20.18,21.1,21.08,21.15,21.81,24.52,22.79,22.36,21.34,20.82,20.36,19.8,19.89,20.93,20.82,19.95,18.98,17.26,26.35
20191013,15.57,15.99,14.05,14.4,17.23,18.54,18.55,19.1,20.62,20.27,18.45,18.22,17.72,16.35,16.28,16.54,17.69,19.7,20.86,20.51,18.81,18.39,17.3,17.18
20191014,13,12.71,12.53,12.46,12.6,12.99,16.82,17.72,19.04,18.52,18.02,17.38,17.51,17.53,16.82,17.62,19.22,21.31,215.3,28.68,22.69,21.27,20.69,19.21
20191015,18.18,17.45,17.48,16.21,19.14,24.69,151.16,23.49,23.7,25.66,28.6,25.43,22.02,21.81,21.95,20.9,20.97,21.29,25.35,21.78,21.55,20.9,15.2,16.08
20191016,13.09,13.27,12.74,12.63,15.73,23.48,25.26,23.64,36.29,21.7,22.82,23.05,22.43,22.41,64.68,20.41,22.44,27.69,28.7,24.62,20.65,20.25,18.94,16.73
20191017,15.11,15.14,14.67,15.77,17.49,25.63,22.9,26.09,28.16,26.58,33.67,24.93,24.66,23.51,27.34,28.33,29.78,29.67,40.17,29.21,27.82,20.57,19.78,18.69
20191018,18.14,17.08,16.91,17.12,18.95,42.95,23.25,22.61,22.04,22.45,22.85,23.16,22.65,23.49,21.06,26.36,22.06,23.76,42.47,22.4,21.25,20.4,18.21,15.42
20191019,15.77,15.73,15.89,15.68,18.63,20.23,46.84,22.89,22.59,21.65,20.14,19.89,20.51,21.18,20.25,20.63,20.38,20.65,21.99,20.87,19.97,19.52,19.02,18.92
20191020,19.08,18.29,19.1,18.97,19.11,20.65,21.52,21.75,22.81,24.01,25.01,22.28,22.39,22.34,21.98,21.77,25.01,33.13,36.23,22.42,21.65,22.82,20.64,20.74
20191021,25.23,21.15,20.38,19.97,20.9,20.89,20.13,21.03,22.1,21.91,23.76,23.72,23.66,23.04,22.65,25.77,24.88,24.59,26.45,24.81,25.85,20.51,19.74,17.19
20191022,16.61,11.43,11.7,14.59,18.11,22.77,23.21,21.91,21.67,22.47,23.49,22.34,21.32,20.49,20.13,19.24,18.34,22.18,23.08,21.28,19.61,19.04,17.18,15.51
20191023,14.31,12.58,11.51,12.25,15.47,44.54,55.5,21.6,23.15,23.64,25.44,24.15,22.32,23.21,22.67,24.75,25.55,26.03,34.07,23.38,23.29,23.24,20.03,50.04
20191024,33.31,32.14,50.08,47.25,145.27,167.08,40.45,27.38,22.67,24.97,23.09,22.44,22.82,21.96,21.11,21.04,21.83,65,54.05,24.39,23.12,22.86,20.12,24.91
20191025,20.08,18.72,19.62,20.78,36.02,52.56,66.04,23.06,33.47,43.31,29.47,38.16,24.68,23.08,23.76,23.33,22.94,44.54,76.41,29.69,23.76,22.7,21.64,20.09
20191026,20.9,19.99,19.1,19.27,20.77,25.04,28.38,24.08,24.44,28.61,35.14,25.29,24.05,23.92,23.02,23.33,22.68,23.11,24.36,25.01,24.48,22.81,21.19,20.2
20191027,20.48,21.27,20.54,22.92,19.25,19.41,20.96,21.28,24.09,23.49,22.79,21.74,21.87,21.6,21.99,21.8,22.01,22.03,22.51,21.59,20.28,18.96,17.42,15.61
20191028,13.13,12.76,11.48,10.57,11.01,13.39,14.69,17.35,19.81,19.01,19.41,19.46,19.98,19.16,18.09,18,20.03,21.06,23.25,22.31,23.47,20.3,18.14,16.74
20191029,15.25,15.31,15.41,15.82,17.75,32.07,23.61,23.46,22.78,24.5,23.02,21.96,22.03,21.68,21.74,22.85,23.61,23.33,25.84,23.31,22.57,21.87,20.72,19.45
20191030,18.35,18.69,18.49,18.65,19.9,21.41,29.63,24.88,24.03,25.46,27.26,29.81,26.14,26.06,24.39,24.7,25.08,26.17,79.99,25.41,24.38,22.95,21.58,21.32
20191031,20.52,20.68,21.18,22.09,24.41,29.15,26.52,29.5,37.1,29.48,34.32,37.4,28.24,26.89,25.79,25.75,26.92,31.31,43.86,28.92,27.17,24.68,23.31,22.53
20191101,21.55,20.74,20.73,20.84,20.81,23.56,27.23,35.19,26.77,30.99,28.68,25.99,24.64,23.43,23.27,23.13,23.12,25.04,27.29,24.64,30.77,26.38,21.15,21.42
20191102,21.09,23.28,22.75,22.05,21.69,32.6,61.55,30.65,28.5,27.6,26.57,24.55,23.56,22.89,22.62,22.66,23.33,25.12,26.34,25.46,24.29,24.5,31.74,21.04
20191103,73.17,29.3,24.25,26.12,25.95,28.29,62.66,41.46,78.26,27.87,25.03,23.71,23.36,22.51,22.69,21.2,23.05,39.17,27.93,30.17,29.74,25.71,22.84,23.31
20191104,22.85,43.05,23.3,21.87,21.93,21.32,23.83,29.14,27.2,24.09,24.27,22.69,21.37,20.61,20.68,21.1,22.66,24.79,29.32,26.1,24.86,23.05,21.2,21.79
20191105,22.98,20.79,19.96,19.38,23.61,20,29.94,26.34,24.73,24.65,24.47,22.79,23.67,24.3,25.66,24.12,25.28,26.61,26.78,25.35,24.23,24.05,21.66,21.62
20191106,21.01,20.6,20.64,20.66,20.52,22.04,24.4,30.23,41.39,26.73,26.52,26.56,25.66,26.46,25.68,24.61,25.92,26.8,37.07,33.19,32.77,28.99,25.63,23.05
20191107,22.31,22.1,22.42,22.28,25.31,29.18,33.98,90.12,25.35,120.79,196.33,23.86,23.95,50.58,30.61,30.76,25.76,33.99,36.25,31.27,30.86,27.65,23.38,21.64
20191108,20.82,20.92,21.03,22.51,21.18,21.59,24.22,31.09,28.79,371.98,45.74,121.81,31.13,70.56,63.79,32.84,283.69,31.38,46.03,41.96,43.21,44.04,27.55,23.55
20191109,23.57,23.56,23.61,23.39,23.31,23.27,28.36,36.48,60.91,34.87,29.65,34.24,28.11,27.86,27.24,28.5,29.97,36.52,34.49,29.07,32.08,29.49,26.81,25.17
20191110,24.82,28.79,25.39,37.15,23.99,22.36,22.5,23.08,29.21,35.6,24.78,24.51,22.68,22.69,21.88,21.57,21.63,24.65,26.03,23.47,22.02,21.39,20.9,20.23
20191111,20.09,19.18,18.82,20.27,20.38,21.73,21.81,21.41,22.31,22.41,22.15,21.66,22.04,21.77,22.17,22.27,21.47,22.55,24.56,21.27,21.28,21.69,23.85,17.89
20191112,17.64,18.3,18.09,16.41,16.94,20.16,21.82,45.2,94.01,74.94,63.73,24.5,20.94,21.28,21.52,21.08,21.82,24.55,26.16,25.36,24.53,24.84,22.48,21.69
20191113,20.76,20.3,20.2,20.54,20.62,21.26,22.2,29.63,27.63,26.19,26.44,25.99,26.05,25.72,24.55,26.49,26.79,36.59,38.95,33.99,29.87,29.86,30.59,26.72
20191114,27.38,33.43,31.33,32,36.12,30.46,181.64,700.75,56.24,26.23,30.83,37.58,31.57,27.79,28.44,27.96,46.06,38.58,33.42,32.03,25.62,27.53,27.14,24.08
20191115,21.83,21.55,21.46,21.44,21.69,17.28,22.42,24.79,27.1,27.47,33.02,34.43,28.57,28.05,24.51,24.94,27.89,27.83,25.38,22.08,21.05,20.49,20.22,17.9
20191116,19.04,17.59,19.12,19.51,18.46,18.11,20.49,24.8,26.96,25.51,25.15,24.64,25,24.09,23.37,22.96,24.28,30.65,26.36,25.23,23.84,23.07,23.39,23.53
20191117,23.78,32.76,27.59,29.09,24.62,25.4,31.86,29.25,47.8,29.57,30.69,31.55,27.97,29.68,26.37,24.21,27.05,32.6,26.5,25.03,26.45,22.67,22.42,22.41
20191118,22.03,21.46,21.54,21.77,21.78,21.74,21.74,20.61,22.44,23.3,23.53,23.27,22.3,22.69,22.21,23.11,24.19,24.16,24.64,24.24,25.09,23.87,23.21,22.55
20191119,21.75,21.16,21.21,21.64,21.42,22.85,30.05,28.68,27.96,31.9,30.89,41.04,49.34,31.57,30.19,28.08,31.76,64.8,31.08,30.61,27.88,27.77,25.77,22.8
20191120,21.89,21.89,20.89,20.63,22.14,23.14,25.83,30.72,29.19,56.52,85.4,35.6,37.91,73,38.34,31.64,23.88,25.82,26.12,40.23,24.86,26.71,23.8,26.2
20191121,44.27,20.96,21.38,21.3,21.36,23.21,29.33,42.03,25.8,27.6,28.89,28.51,24.41,24.7,23.81,23.96,89.54,47.62,27.69,37.54,30.21,25.18,33.84,33.55
20191122,21.41,27.09,33.96,25.87,18.67,29.75,21.78,26.43,25.28,27.07,22.43,20.6,21.09,21.07,20.57,21.09,21.59,23.25,23.34,22.87,18.8,20.55,20.74,20.18
20191123,18.63,18.07,18.35,18.19,18.52,18.92,21.3,23.36,23.23,24.04,24.37,26.3,23.87,23.34,22.84,23.67,23.66,40.1,28.04,26.4,36.81,28.79,31.68,22.58
20191124,21.53,20.67,19.85,19.64,19.51,19.62,21.35,22.89,24.88,28,25.79,26,23.26,25.91,22.58,22.6,26.88,29.93,24.42,23.46,22.43,21.58,21.18,20.11
20191125,18.85,18.81,18.76,18.93,18.08,20.05,21.2,21.27,21.56,21.61,21.38,20.67,20.13,19.43,18.94,18.74,19.49,21.04,22.56,21.95,21.53,21.3,21.08,19.78
20191126,18.89,19.36,19.05,19.06,19.52,20.32,23.4,23.79,22.56,22.39,23.91,23.91,21.19,20.48,19.72,20.31,21.06,23.58,23.7,22.8,22.27,21.04,20.33,19.16
20191127,18.01,17.41,17.57,17.46,17.62,18.37,24.96,22.73,22.3,22.47,22.89,22,22.24,21.47,20.93,20.86,21.84,22.96,21.73,21.13,22.49,19.95,19.27,18.44
20191128,17.22,16.55,16.4,16.27,16.53,17.23,18.92,19.37,19.57,20.14,20.58,21.01,21.24,20.92,20.8,20.28,21.21,21.77,22.12,22.09,21.44,21.11,20.15,18.51
20191129,17.01,16.05,17.13,17.71,17.6,18.26,19.52,20.29,21.66,22.87,24.58,35.41,23.57,21.1,20.93,20.76,21.02,21.81,22.44,22.17,21.72,21.47,21.52,20.55
20191130,19.78,18.56,18.76,19.05,19.64,21.21,22.44,22.67,23.82,41.73,40.97,27.28,23.28,22.78,22.58,22.76,23.38,25.4,23.75,24.21,26.07,24.07,21.35,19.75
20191201,19.62,18.77,18.53,17.48,17.24,17.45,17.49,21.46,21.43,22.85,22.46,22.61,21.67,21.6,20.12,20.42,20.23,22.62,22.52,31.52,20.77,21.52,20.75,0
20191202,17.86,17.31,17.66,16.36,16.33,17.36,17.73,19.93,20.83,21.11,22.05,22.35,22.45,22,22.51,22.58,24.09,24.8,24.06,23.72,25.12,24.5,21.66,20.96
20191203,19.2,18.86,18.93,18.49,18.87,19.61,22.08,23.52,24.53,24.42,23.82,24.9,38.73,23.66,22.95,22.87,23.88,29.61,26.98,26.04,25.94,24.91,23.07,22.1
20191204,21.06,20.71,20.91,21.12,21.76,22.25,25.41,24.21,22.74,22.54,21.89,21.17,20.98,20.8,20.2,21.4,21.66,38.14,23.4,22.43,22.2,20.97,19.3,18.1
20191205,22.9,24,19.61,19.51,24.93,31.76,22.36,21.42,20.97,20.41,20.32,20.19,19.9,19.24,18.94,18.44,19.53,23.52,23.35,22.22,22.18,22.05,21.38,20.78
20191206,19.25,18.41,18.31,19.1,18.97,24.19,26.69,24.74,24.3,22.53,22.99,22.81,21.45,22.84,22.45,22.1,23.86,32,25.8,28.16,25.64,21.94,22.45,21.39
20191207,18.98,16.77,16.11,17.33,19.55,22.25,23.48,21.59,22.58,22.28,22.27,22.51,21.76,21.65,21.4,21.5,22.27,37.1,23.7,25.21,26.89,26.33,23.95,24.09
20191208,35.26,23.25,22.91,22.18,21.59,23.97,25.05,27.16,66.15,29.87,28.33,24.81,24.03,22.4,22.81,22.53,23.76,28.26,23.4,25.07,22.69,22.47,21.61,19.91
20191209,19.17,18.55,19.17,18.1,17.29,19.38,20.29,21.21,20.61,20.53,20.83,20.72,20.87,20.66,20.66,21.12,22.9,32.86,26.69,25.45,31.24,22.57,21.54,20.59
20191210,19.66,19.31,18.21,18.9,19.02,19.64,22.12,24.01,29.1,26.37,24.42,25.34,26.47,24.02,22.7,21.14,23.14,23.95,24.08,22.58,22.36,22.38,20.87,19.92
20191211,18.9,17.59,17.94,16.98,18.1,19.45,20.87,22.76,22.34,24.4,23.34,30,26.92,59.53,24.22,24.23,24.3,29.39,30.27,25.42,23.97,23.45,22.86,28.73
20191212,40.33,25.2,21.91,23.51,27.43,27.42,22.98,23.24,23.96,23.46,23.29,23.85,23.35,23.85,23.42,23.44,24.51,47.55,39.12,25.26,27.22,27.05,25.02,21.63
20191213,49.24,28.64,113.2,23.52,28.94,35.74,35.13,108.7,29.16,27.14,24.49,21.58,21.22,20.45,20.34,21.02,22.24,61.07,25.08,25.02,30,23.75,22.7,20.93
20191214,21.02,20.16,20.02,20.22,21.03,22.84,24.57,26.94,34.93,26.17,25.21,118.88,24.13,23.17,22.91,23,23.35,25.33,29.98,24.34,23.92,31.64,21.44,20.74
20191215,19.47,18.25,17.74,18.58,18.46,17.84,19.93,20.14,21.9,21.85,21.75,21.04,20.41,19.67,19.64,19.57,20.46,23.8,22.47,21.51,20.83,20.55,20.1,19.04
20191216,18.76,18.1,18.59,17.94,18.87,18.8,19.75,20.56,21.19,21.23,21.52,21,21.19,20.96,21.93,21.92,30.64,36.33,30.49,28.74,27.54,24.22,22,21.55
20191217,21.35,20.9,20.34,20.4,21.03,22.9,32.85,23.58,32.64,26.7,26.78,27.33,25.19,24.39,23.49,23.57,23.97,58.42,26.56,24.56,24.34,24.76,22.75,21.28
20191218,19.59,19.25,18.97,19.15,19.71,20.35,33.41,23.64,48.85,30.79,24.93,25.07,24.48,23.27,22.38,21.83,22.26,25.96,26.02,24.64,25.62,23.35,21.7,20.76
20191219,21.09,21.32,21.1,21.24,21.2,22.52,23.68,89.8,24.42,27.05,25.9,24.16,26.27,24.05,23.68,24.02,25.18,31.43,36.49,28.34,50.97,86.98,118.41,30.26
20191220,31.2,27.66,23.5,24.62,29.65,40.73,52.8,41.44,31.67,25.21,27.26,25.59,27.26,24.01,23.97,24.4,28.57,32.66,28.3,30.45,26.08,27,22.91,21.46
20191221,22.54,23.26,23.27,23.29,23.29,23.87,27.92,34.83,38.02,27.29,27.33,25.4,23.91,24.26,28,26.81,47.3,45.77,26.39,25.45,24.37,23.39,21.88,20.05
20191222,20.35,18.06,17.78,18.35,19.53,20.95,22.19,32.41,24.41,24.34,24.29,23.13,22.09,21.76,20.79,20.94,22.2,31.09,23.89,21.97,19.81,19.73,18,16.82
20191223,17.5,16.77,17.56,16.94,16.85,15.95,18.6,20.91,21.51,21.97,21.66,21.31,19.77,19.68,18.82,19.45,21.04,23.55,22.44,21.17,19.06,17,17.18,15.47
20191224,12.8,13.26,13.83,14.51,15.38,19.31,19.87,21.81,21.16,21.43,21.2,21.37,21.11,21.01,20.52,20.59,21.7,25.06,21.6,22.54,21.83,21.66,20.99,19.61
20191225,19.66,18.76,19.07,18.78,19.65,20.61,22.28,22.67,21.87,21.42,20.83,20.02,19.91,18.94,18.75,18.88,18.64,20.61,20.05,19.11,18.43,17.85,16.21,15.69
20191226,15.8,14.45,14.11,13.91,14.28,14.95,16.03,18.4,18.7,18.95,18.99,18.67,17.92,16.98,16.16,15.62,16.55,18.6,18.84,18.24,17.65,18.15,16.61,15.1
20191227,14.62,13.89,13.76,13.76,14.27,15.76,17.89,19.88,20.43,20.35,20.36,20.82,21.11,20.84,20.56,20.37,20.26,21.07,26.53,20.77,20,19.45,18.28,16.86
20191228,16.46,15.37,15.24,15.22,15.33,16.73,19.24,19.22,20.45,20.49,21.04,21.9,20.97,20.98,21.14,20.67,20.44,21.4,22.04,50.14,25.16,22.81,19.82,20.99
20191229,18.11,18.84,18.62,17.64,17.42,17.63,19.11,19.58,19.9,19.78,20.59,21.23,20.13,20.16,19.61,19.1,19.4,22.94,20.81,20.21,20.01,18.54,17.9,16.48
20191230,15.61,14.57,15.41,13.59,13.1,13.18,13.17,13.68,15.55,16.51,17.07,18.59,20.57,19.32,19.45,20.12,21.08,21.37,21.68,22.39,22.1,19.95,20.6,18.4
20191231,16.86,15.67,15.08,14.46,15.61,15.59,19.1,21.12,20.42,20.09,20,22.29,20.63,21.34,20.43,22.64,20.85,22.27,21.19,20.88,20.67,19.3,18.57,19.38
